{
  "author": "Steffen Müller",
  "name": "angular-re-captcha",
  "description": "reCaptcha directive for angularjs",
  "version": "0.0.3",
  "homepage": "https://github.com/mllrsohn/angular-re-captcha",
  "repository": {
    "type": "git",
    "url": "git://github.com/mllrsohn/angular-re-captcha"
  },
  "main": "./angular-re-captcha.js",
  "dependencies": {
    "angular": "~1.2.9"
  },
  "devDependencies": {
    "angular-mocks": "~1.2.9"
  },
  "_release": "0.0.3",
  "_resolution": {
    "type": "version",
    "tag": "0.0.3",
    "commit": "06ffa88327310be2a231fa663febf785d623c957"
  },
  "_source": "git://github.com/mllrsohn/angular-re-captcha.git",
  "_target": "~0.0.3",
  "_originalSource": "angular-re-captcha",
  "_direct": true
}