{
  "name": "nya-bootstrap-select",
  "version": "1.2.7",
  "main": "src/nya-bootstrap-select.js",
  "ignore": [
    "**/.*",
    "node_modules",
    "bower_components",
    "test",
    "examples"
  ],
  "dependencies": {
    "angular": "*",
    "bootstrap-select": "*"
  },
  "devDependencies": {
    "bootstrap-css": "~3.0",
    "angular-mocks": "*"
  },
  "homepage": "https://github.com/lordfriend/nya-bootstrap-select",
  "_release": "1.2.7",
  "_resolution": {
    "type": "version",
    "tag": "v1.2.7",
    "commit": "7a8fd02bf6b1e8787f59cb39571703cb8c86aa21"
  },
  "_source": "git://github.com/lordfriend/nya-bootstrap-select.git",
  "_target": "~1.2.7",
  "_originalSource": "nya-bootstrap-select",
  "_direct": true
}