{
  "name": "oclazyload",
  "version": "0.5.0",
  "description": "Load modules on demand (lazy load) with angularJS",
  "main": "dist/ocLazyLoad.min.js",
  "homepage": "https://github.com/ocombe/ocLazyLoad",
  "authors": [
    "Olivier Combe <olivier.combe@gmail.com>"
  ],
  "license": "MIT",
  "keywords": [
    "lazy load",
    "lazy-load",
    "load on demand",
    "module",
    "angular",
    "angularJS"
  ],
  "ignore": [
    "**/.*",
    "node_modules",
    "bower_components",
    "src",
    "gulpfile.js",
    "package.json",
    "changelog.js",
    "validate-commit-msg.js",
    "tests",
    "karma.conf.js"
  ],
  "devDependencies": {
    "angular-mocks": "~1.3.2"
  },
  "dependencies": {
    "angular": "1.2.x - 1.3.x"
  },
  "_release": "0.5.0",
  "_resolution": {
    "type": "version",
    "tag": "0.5.0",
    "commit": "95b1aecb6f7212c4020ad11118602847f1e151cb"
  },
  "_source": "git://github.com/ocombe/ocLazyLoad.git",
  "_target": "0.5.0",
  "_originalSource": "oclazyload"
}